area_id,year,count
1,2020,3
2,2020,1
3,2020,25
4,2020,10
5,2020,5
6,2020,7
7,2020,6
8,2020,3
9,2020,10
11,2020,4
12,2020,2
13,2020,25
14,2020,14
15,2020,12
16,2020,9
17,2020,3
18,2020,4
19,2020,4
20,2020,5
21,2020,3
22,2020,2
23,2020,16
24,2020,12
25,2020,10
26,2020,10
27,2020,6
28,2020,7
29,2020,1
30,2020,10
31,2020,6
32,2020,8
34,2020,16
35,2020,2
36,2020,7
37,2020,6
38,2020,16
39,2020,2
40,2020,9
41,2020,6
42,2020,5
43,2020,6
44,2020,2
46,2020,10
47,2020,4
48,2020,5
52,2020,5
55,2020,6
56,2020,7
57,2020,21
58,2020,4
59,2020,8
60,2020,42
61,2020,16
62,2020,7
63,2020,17
64,2020,26
65,2020,42
66,2020,35
67,2020,27
68,2020,47
69,2020,29
70,2020,14
71,2020,16
72,2020,34
73,2020,25
74,2020,10
75,2020,16
76,2020,13
77,2020,38
78,2020,36
79,2020,34
80,2020,36
81,2020,22
82,2020,29
83,2020,20
84,2020,30
85,2020,23
86,2020,41
87,2020,18
88,2020,48
89,2020,9
90,2020,34
91,2020,19
92,2020,11
93,2020,32
94,2020,43
95,2020,29
96,2020,2
97,2020,104
98,2020,183
99,2020,3
100,2020,43
101,2020,52
102,2020,24
103,2020,7
104,2020,4
105,2020,14
106,2020,61
107,2020,59
108,2020,70
109,2020,7
110,2020,79
111,2020,103
112,2020,81
113,2020,13
114,2020,21
115,2020,9
116,2020,50
117,2020,33
118,2020,52
119,2020,218
120,2020,38
121,2020,27
122,2020,13
123,2020,3
124,2020,33
125,2020,72
126,2020,34
127,2020,13
128,2020,27
129,2020,170
130,2020,41
131,2020,49
132,2020,127
133,2020,34
134,2020,23
135,2020,20
136,2020,37
137,2020,24
138,2020,26
139,2020,26
140,2020,105
141,2020,35
142,2020,26
143,2020,16
144,2020,14
145,2020,23
146,2020,14
147,2020,24
148,2020,12
149,2020,6
150,2020,5
151,2020,10
152,2020,22
153,2020,37
154,2020,6
155,2020,24
156,2020,84
157,2020,1
158,2020,4
159,2020,4
160,2020,29
161,2020,34
162,2020,4
163,2020,3
164,2020,16
165,2020,10
166,2020,3
167,2020,9
168,2020,6
169,2020,4
170,2020,10
171,2020,11
172,2020,3
173,2020,6
174,2020,20
175,2020,3
176,2020,4
177,2020,38
178,2020,7
179,2020,12
180,2020,6
181,2020,2
182,2020,5
183,2020,8
184,2020,12
185,2020,6
186,2020,10
187,2020,7
188,2020,12
189,2020,12
190,2020,21
191,2020,9
192,2020,22
193,2020,20
194,2020,20
195,2020,32
196,2020,69
197,2020,14
198,2020,76
199,2020,50
200,2020,52
201,2020,94
202,2020,77
203,2020,282
204,2020,28
205,2020,30
206,2020,21
207,2020,80
208,2020,68
209,2020,93
210,2020,50
211,2020,43
212,2020,68
213,2020,57
214,2020,78
215,2020,71
216,2020,89
217,2020,74
218,2020,73
219,2020,104
220,2020,79
221,2020,108
222,2020,123
223,2020,51
224,2020,137
225,2020,112
226,2020,156
227,2020,102
228,2020,312
229,2020,95
230,2020,111
231,2020,29
232,2020,64
233,2020,126
234,2020,47
235,2020,70
236,2020,41
237,2020,84
238,2020,105
239,2020,128
240,2020,89
241,2020,77
242,2020,51
243,2020,40
244,2020,43
245,2020,73
246,2020,17
247,2020,70
248,2020,47
249,2020,153
250,2020,31
251,2020,62
252,2020,26
253,2020,93
254,2020,145
255,2020,96
256,2020,46
257,2020,125
258,2020,79
260,2020,12
261,2020,377
262,2020,107
263,2020,77
264,2020,156
265,2020,285
266,2020,14
267,2020,43
268,2020,24
269,2020,51
270,2020,45
271,2020,3
272,2020,63
273,2020,35
274,2020,82
275,2020,42
276,2020,62
277,2020,109
278,2020,362
279,2020,12
280,2020,62
281,2020,8
282,2020,179
283,2020,337
284,2020,160
285,2020,64
286,2020,25
287,2020,136
288,2020,27
289,2020,87
290,2020,398
291,2020,92
292,2020,12
293,2020,303
294,2020,35
295,2020,243
296,2020,476
297,2020,18
298,2020,6
299,2020,22
300,2020,48
301,2020,93
302,2020,88
303,2020,51
304,2020,10
305,2020,6
306,2020,4
307,2020,10
308,2020,13
309,2020,4
310,2020,33
311,2020,57
312,2020,2
313,2020,26
314,2020,666
315,2020,438
316,2020,249
317,2020,560
318,2020,19
319,2020,151
320,2020,17
321,2020,306
322,2020,30
323,2020,129
324,2020,1123
325,2020,485
326,2020,80
327,2020,18
328,2020,168
329,2020,6
330,2020,49
331,2020,291
332,2020,3
333,2020,11
334,2020,23
335,2020,78
336,2020,33
337,2020,2
338,2020,34
339,2020,211
340,2020,1
341,2020,125
342,2020,164
343,2020,725
344,2020,44
345,2020,155
346,2020,1
347,2020,99
348,2020,12
349,2020,100
350,2020,13
351,2020,30
352,2020,2
353,2020,4
354,2020,15
355,2020,52
356,2020,13
358,2020,50
359,2020,9
360,2020,30
361,2020,4
362,2020,26
363,2020,10
364,2020,6
365,2020,35
366,2020,29
367,2020,9
368,2020,4
369,2020,63
370,2020,417
371,2020,7
372,2020,35
373,2020,8
374,2020,8
375,2020,171
376,2020,17
377,2020,619
378,2020,140
379,2020,598
380,2020,44
381,2020,62
382,2020,179
383,2020,71
384,2020,957
385,2020,546
386,2020,71
387,2020,19
388,2020,516
389,2020,302
390,2020,33
391,2020,27
392,2020,21
393,2020,53
394,2020,9
395,2020,20
396,2020,15
397,2020,525
398,2020,357
399,2020,40
400,2020,57
401,2020,87
402,2020,17
403,2020,32
404,2020,10
405,2020,123
406,2020,635
407,2020,856
408,2020,531
409,2020,39
410,2020,668
411,2020,192
412,2020,509
413,2020,18
414,2020,64
415,2020,27
416,2020,68
417,2020,138
418,2020,925
419,2020,18
420,2020,242
421,2020,384
422,2020,121
423,2020,85
424,2020,57
425,2020,21
426,2020,303
427,2020,35
428,2020,243
429,2020,362
430,2020,88
431,2020,34
432,2020,211
433,2020,101
434,2020,523
435,2020,51
436,2020,10
437,2020,6
438,2020,4
439,2020,10
440,2020,18
441,2020,13
442,2020,4
443,2020,4
444,2020,63
445,2020,33
446,2020,6
447,2020,22
448,2020,61
449,2020,153
450,2020,103
451,2020,426
452,2020,117
453,2020,220
454,2020,258
455,2020,160
456,2020,57
457,2020,64
458,2020,30
459,2020,136
460,2020,35
461,2020,2
462,2020,252
463,2020,316
464,2020,666
465,2020,438
466,2020,136
467,2020,249
468,2020,27
469,2020,87
470,2020,560
471,2020,19
472,2020,398
473,2020,151
474,2020,17
475,2020,306
476,2020,92
477,2020,12
478,2020,30
479,2020,52
480,2020,13
482,2020,88
483,2020,50
484,2020,129
485,2020,9
486,2020,30
487,2020,4
488,2020,26
489,2020,164
490,2020,704
491,2020,419
492,2020,485
493,2020,46
494,2020,80
495,2020,725
496,2020,44
497,2020,155
498,2020,18
499,2020,168
500,2020,6
501,2020,27
502,2020,1
503,2020,1
507,2020,1
513,2020,2
514,2020,1
516,2020,1
518,2020,1
528,2020,1
535,2020,1
540,2020,5
544,2020,4
547,2020,2
550,2020,1
554,2020,1
558,2020,2
561,2020,1
567,2020,2
568,2020,1
572,2020,4
577,2020,1
578,2020,4
581,2020,3
585,2020,4
586,2020,2
587,2020,1
588,2020,1
590,2020,7
595,2020,3
597,2020,1
598,2020,1
602,2020,23
603,2020,6
604,2020,2
608,2020,3
610,2020,1
611,2020,1
612,2020,1
613,2020,2
615,2020,1
616,2020,3
617,2020,2
620,2020,1
621,2020,1
622,2020,2
623,2020,1
624,2020,1
625,2020,1
626,2020,2
627,2020,3
628,2020,1
629,2020,3
630,2020,1
633,2020,2
635,2020,1
639,2020,1
640,2020,2
643,2020,3
645,2020,4
646,2020,20
650,2020,1
651,2020,2
653,2020,2
655,2020,1
657,2020,2
659,2020,2
660,2020,1
664,2020,1
666,2020,1
667,2020,2
676,2020,3
677,2020,2
680,2020,4
681,2020,4
684,2020,1
685,2020,2
694,2020,4
703,2020,2
714,2020,5
729,2020,1
731,2020,1
740,2020,4
743,2020,2
763,2020,1
764,2020,1
776,2020,1
778,2020,1
803,2020,1
804,2020,5
808,2020,3
809,2020,10
811,2020,9
821,2020,1
822,2020,1
824,2020,3
825,2020,1
826,2020,3
828,2020,3
829,2020,1
830,2020,2
835,2020,1
845,2020,1
848,2020,1
853,2020,2
855,2020,1
863,2020,2
869,2020,1
875,2020,2
909,2020,11
971,2020,10
972,2020,1
1000,2020,1
1002,2020,1
1003,2020,1
1004,2020,2
1012,2020,1
1016,2020,2
1037,2020,1
1041,2020,1
1046,2020,3
1049,2020,1
1057,2020,1
1069,2020,2
1078,2020,1
1081,2020,1
1104,2020,1
1109,2020,1
1117,2020,1
1124,2020,2
1126,2020,1
1136,2020,1
1145,2020,5
1146,2020,1
1155,2020,1
1167,2020,1
1168,2020,2
1170,2020,1
1171,2020,4
1174,2020,1
1198,2020,2
1201,2020,1
1202,2020,2
1203,2020,2
1205,2020,4
1209,2020,1
1211,2020,1
1213,2020,1
1216,2020,1
1220,2020,1
1256,2020,3
1263,2020,5
1273,2020,3
1274,2020,6
1282,2020,2
1335,2020,1
1349,2020,1
1371,2020,1
1372,2020,1
1376,2020,1
1397,2020,1
1414,2020,1
1433,2020,1
1435,2020,2
1440,2020,1
1443,2020,1
1444,2020,1
1448,2020,6
1449,2020,3
1466,2020,2
1467,2020,2
1468,2020,1
1470,2020,1
1475,2020,2
1480,2020,4
1486,2020,3
1488,2020,10
1502,2020,1
1504,2020,3
1505,2020,1
1507,2020,1
1508,2020,8
1513,2020,2
1517,2020,2
1521,2020,1
1522,2020,1
1524,2020,1
1527,2020,34
1528,2020,67
1530,2020,1
1531,2020,169
1532,2020,172
1533,2020,120
1534,2020,1167
1535,2020,1243
1536,2020,931
1537,2020,1360
1539,2020,474
1540,2020,1237
1541,2020,86
1542,2020,43
1543,2020,382
1544,2020,285
1545,2020,313
1546,2020,526
1547,2020,318
1548,2020,200
1549,2020,566
1550,2020,304
1551,2020,1168
1,2019,3
2,2019,1
3,2019,22
4,2019,12
5,2019,7
6,2019,8
7,2019,6
8,2019,3
9,2019,10
11,2019,5
12,2019,2
13,2019,23
14,2019,16
15,2019,12
16,2019,11
17,2019,3
18,2019,4
19,2019,5
20,2019,5
21,2019,4
22,2019,2
23,2019,17
24,2019,9
25,2019,10
26,2019,14
27,2019,3
28,2019,15
29,2019,1
30,2019,20
31,2019,6
32,2019,18
34,2019,23
35,2019,2
36,2019,8
37,2019,11
38,2019,21
39,2019,3
40,2019,9
41,2019,6
42,2019,5
43,2019,6
44,2019,2
46,2019,10
47,2019,5
48,2019,5
52,2019,5
55,2019,6
56,2019,10
57,2019,26
58,2019,4
59,2019,8
60,2019,56
61,2019,18
62,2019,8
63,2019,17
64,2019,29
65,2019,57
66,2019,42
67,2019,29
68,2019,60
69,2019,36
70,2019,19
71,2019,18
72,2019,36
73,2019,30
74,2019,11
75,2019,17
76,2019,14
77,2019,45
78,2019,42
79,2019,38
80,2019,39
81,2019,22
82,2019,25
83,2019,24
84,2019,32
85,2019,23
86,2019,42
87,2019,26
88,2019,52
89,2019,9
90,2019,41
91,2019,22
92,2019,15
93,2019,29
94,2019,47
95,2019,34
96,2019,2
97,2019,120
98,2019,192
99,2019,2
100,2019,51
101,2019,61
102,2019,24
103,2019,5
104,2019,4
105,2019,42
106,2019,67
107,2019,61
108,2019,71
109,2019,8
110,2019,84
111,2019,122
112,2019,83
113,2019,12
114,2019,18
115,2019,8
116,2019,64
117,2019,44
118,2019,57
119,2019,243
120,2019,42
121,2019,24
122,2019,12
123,2019,3
124,2019,39
125,2019,84
126,2019,36
127,2019,16
128,2019,28
129,2019,195
130,2019,49
131,2019,56
132,2019,149
133,2019,39
134,2019,26
135,2019,24
136,2019,43
137,2019,35
138,2019,28
139,2019,30
140,2019,131
141,2019,38
142,2019,26
143,2019,17
144,2019,20
145,2019,20
146,2019,14
147,2019,24
148,2019,17
149,2019,6
150,2019,7
151,2019,9
152,2019,27
153,2019,44
154,2019,7
155,2019,24
156,2019,92
157,2019,4
158,2019,3
159,2019,4
160,2019,34
161,2019,39
162,2019,4
163,2019,4
164,2019,15
165,2019,9
166,2019,3
167,2019,11
168,2019,6
169,2019,4
170,2019,12
171,2019,10
172,2019,4
173,2019,6
174,2019,23
175,2019,2
176,2019,5
177,2019,37
178,2019,8
179,2019,12
180,2019,8
181,2019,3
182,2019,6
183,2019,8
184,2019,11
185,2019,6
186,2019,10
187,2019,8
188,2019,9
189,2019,12
190,2019,24
191,2019,9
192,2019,24
193,2019,22
194,2019,23
195,2019,31
196,2019,82
197,2019,15
198,2019,83
199,2019,60
200,2019,65
201,2019,106
202,2019,82
203,2019,342
204,2019,31
205,2019,29
206,2019,24
207,2019,98
208,2019,77
209,2019,113
210,2019,62
211,2019,48
212,2019,77
213,2019,72
214,2019,92
215,2019,88
216,2019,102
217,2019,82
218,2019,86
219,2019,115
220,2019,91
221,2019,117
222,2019,133
223,2019,55
224,2019,146
225,2019,122
226,2019,191
227,2019,107
228,2019,367
229,2019,120
230,2019,119
231,2019,31
232,2019,68
233,2019,143
234,2019,56
235,2019,86
236,2019,44
237,2019,100
238,2019,123
239,2019,139
240,2019,96
241,2019,90
242,2019,54
243,2019,49
244,2019,40
245,2019,83
246,2019,16
247,2019,72
248,2019,58
249,2019,172
250,2019,33
251,2019,64
252,2019,28
253,2019,100
254,2019,163
255,2019,108
256,2019,59
257,2019,135
258,2019,81
260,2019,12
261,2019,410
262,2019,114
263,2019,90
264,2019,167
265,2019,341
266,2019,13
267,2019,45
268,2019,29
269,2019,56
270,2019,52
271,2019,2
272,2019,70
273,2019,40
274,2019,112
275,2019,51
276,2019,68
277,2019,139
278,2019,397
279,2019,15
280,2019,71
281,2019,9
282,2019,208
283,2019,392
284,2019,169
285,2019,73
286,2019,30
287,2019,146
288,2019,30
289,2019,99
290,2019,420
291,2019,104
292,2019,12
293,2019,334
294,2019,41
295,2019,273
296,2019,579
297,2019,20
298,2019,8
299,2019,22
300,2019,50
301,2019,109
302,2019,94
303,2019,90
304,2019,10
305,2019,6
306,2019,5
307,2019,10
308,2019,14
309,2019,4
310,2019,36
311,2019,61
312,2019,2
313,2019,35
314,2019,750
315,2019,487
316,2019,279
317,2019,636
318,2019,21
319,2019,170
320,2019,16
321,2019,344
322,2019,68
323,2019,122
324,2019,1303
325,2019,585
326,2019,90
327,2019,19
328,2019,182
329,2019,6
330,2019,52
331,2019,324
332,2019,3
333,2019,10
334,2019,29
335,2019,76
336,2019,35
337,2019,2
338,2019,39
339,2019,234
340,2019,2
341,2019,154
342,2019,176
343,2019,843
344,2019,45
345,2019,170
346,2019,1
347,2019,126
348,2019,10
349,2019,114
350,2019,14
351,2019,33
352,2019,4
353,2019,4
354,2019,16
355,2019,56
356,2019,14
357,2019,3
358,2019,54
359,2019,9
360,2019,27
361,2019,4
362,2019,25
363,2019,12
364,2019,6
365,2019,38
366,2019,30
367,2019,9
368,2019,4
369,2019,64
370,2019,466
371,2019,8
372,2019,34
373,2019,10
374,2019,8
375,2019,202
376,2019,21
377,2019,707
378,2019,151
379,2019,724
380,2019,76
381,2019,69
382,2019,193
383,2019,74
384,2019,1066
385,2019,614
386,2019,78
387,2019,19
388,2019,592
389,2019,336
390,2019,37
391,2019,33
392,2019,24
393,2019,62
394,2019,10
395,2019,20
396,2019,16
397,2019,580
398,2019,418
399,2019,47
400,2019,56
401,2019,98
402,2019,22
403,2019,62
404,2019,10
405,2019,134
406,2019,744
407,2019,966
408,2019,615
409,2019,41
410,2019,753
411,2019,210
412,2019,560
413,2019,18
414,2019,64
415,2019,31
416,2019,72
417,2019,152
418,2019,1016
419,2019,18
420,2019,282
421,2019,446
422,2019,142
423,2019,98
424,2019,57
425,2019,21
426,2019,334
427,2019,41
428,2019,273
429,2019,397
430,2019,94
431,2019,39
432,2019,234
433,2019,127
434,2019,630
435,2019,90
436,2019,10
437,2019,6
438,2019,5
439,2019,10
440,2019,20
441,2019,14
442,2019,4
443,2019,4
444,2019,64
445,2019,36
446,2019,8
447,2019,22
448,2019,64
449,2019,182
450,2019,108
451,2019,475
452,2019,141
453,2019,251
454,2019,297
455,2019,169
456,2019,61
457,2019,73
458,2019,33
459,2019,164
460,2019,42
461,2019,2
462,2019,295
463,2019,351
464,2019,750
465,2019,487
466,2019,146
467,2019,279
468,2019,30
469,2019,99
470,2019,636
471,2019,21
472,2019,420
473,2019,170
474,2019,16
475,2019,344
476,2019,104
477,2019,12
478,2019,68
479,2019,56
480,2019,14
481,2019,3
482,2019,88
483,2019,54
484,2019,122
485,2019,9
486,2019,27
487,2019,4
488,2019,25
489,2019,176
490,2019,823
491,2019,480
492,2019,585
493,2019,48
494,2019,90
495,2019,843
496,2019,45
497,2019,170
498,2019,19
499,2019,182
500,2019,6
501,2019,33
502,2019,1
503,2019,1
507,2019,1
513,2019,2
514,2019,1
516,2019,1
518,2019,1
528,2019,1
535,2019,1
540,2019,6
544,2019,4
547,2019,1
550,2019,1
554,2019,1
558,2019,2
561,2019,1
567,2019,7
568,2019,1
572,2019,4
573,2019,1
577,2019,1
578,2019,6
581,2019,6
585,2019,5
586,2019,5
587,2019,1
588,2019,1
590,2019,5
595,2019,2
597,2019,1
602,2019,23
603,2019,7
604,2019,3
608,2019,3
611,2019,1
612,2019,1
613,2019,1
615,2019,1
616,2019,3
617,2019,2
620,2019,1
621,2019,1
622,2019,2
623,2019,5
624,2019,1
625,2019,1
626,2019,2
627,2019,3
628,2019,1
629,2019,3
630,2019,2
633,2019,2
635,2019,1
639,2019,1
640,2019,2
643,2019,3
645,2019,3
646,2019,21
650,2019,2
651,2019,3
653,2019,2
655,2019,1
657,2019,2
659,2019,2
660,2019,1
664,2019,1
666,2019,1
667,2019,2
670,2019,1
676,2019,3
677,2019,2
680,2019,4
681,2019,5
684,2019,1
685,2019,2
694,2019,4
696,2019,1
703,2019,2
714,2019,4
729,2019,1
740,2019,4
743,2019,2
763,2019,1
764,2019,1
774,2019,1
776,2019,1
778,2019,2
803,2019,1
804,2019,5
808,2019,3
809,2019,5
811,2019,9
818,2019,1
821,2019,1
822,2019,1
824,2019,3
825,2019,1
826,2019,5
828,2019,4
829,2019,1
830,2019,2
835,2019,1
840,2019,1
845,2019,1
853,2019,2
863,2019,1
869,2019,1
872,2019,1
875,2019,2
909,2019,12
919,2019,1
971,2019,10
972,2019,2
1000,2019,1
1002,2019,1
1003,2019,1
1004,2019,2
1012,2019,1
1016,2019,2
1037,2019,1
1041,2019,1
1046,2019,3
1049,2019,1
1057,2019,1
1069,2019,2
1078,2019,1
1081,2019,1
1104,2019,1
1109,2019,1
1117,2019,1
1124,2019,2
1126,2019,1
1136,2019,1
1145,2019,4
1155,2019,1
1167,2019,1
1168,2019,2
1170,2019,1
1171,2019,4
1174,2019,1
1198,2019,2
1201,2019,1
1202,2019,2
1203,2019,2
1205,2019,4
1209,2019,2
1211,2019,1
1213,2019,1
1216,2019,1
1220,2019,1
1256,2019,3
1263,2019,5
1273,2019,3
1274,2019,6
1282,2019,2
1335,2019,1
1349,2019,1
1371,2019,1
1372,2019,1
1376,2019,1
1397,2019,1
1411,2019,1
1414,2019,1
1432,2019,1
1433,2019,1
1435,2019,3
1440,2019,1
1443,2019,1
1444,2019,1
1448,2019,12
1449,2019,4
1466,2019,2
1467,2019,1
1468,2019,1
1470,2019,1
1475,2019,2
1480,2019,4
1486,2019,3
1488,2019,10
1498,2019,1
1502,2019,1
1503,2019,1
1504,2019,3
1505,2019,1
1507,2019,2
1508,2019,8
1513,2019,3
1517,2019,3
1519,2019,1
1521,2019,1
1522,2019,1
1524,2019,1
1527,2019,36
1528,2019,76
1530,2019,1
1531,2019,171
1532,2019,180
1533,2019,124
1534,2019,1359
1535,2019,1476
1536,2019,1021
1537,2019,1570
1539,2019,516
1540,2019,1368
1541,2019,133
1542,2019,45
1543,2019,442
1544,2019,331
1545,2019,352
1546,2019,624
1547,2019,356
1548,2019,215
1549,2019,641
1550,2019,314
1551,2019,1305
1,2018,3
2,2018,1
3,2018,22
4,2018,12
5,2018,6
6,2018,8
7,2018,6
8,2018,4
9,2018,10
10,2018,1
11,2018,5
12,2018,2
13,2018,26
14,2018,16
15,2018,12
16,2018,13
17,2018,4
18,2018,5
19,2018,6
20,2018,5
21,2018,4
22,2018,2
23,2018,19
24,2018,8
25,2018,10
26,2018,17
27,2018,4
28,2018,15
29,2018,1
30,2018,19
31,2018,6
32,2018,18
33,2018,1
34,2018,24
35,2018,3
36,2018,9
37,2018,12
38,2018,25
39,2018,3
40,2018,10
41,2018,5
42,2018,5
43,2018,6
44,2018,2
46,2018,11
47,2018,5
48,2018,8
49,2018,1
52,2018,7
55,2018,6
56,2018,10
57,2018,35
58,2018,4
59,2018,9
60,2018,58
61,2018,17
62,2018,9
63,2018,18
64,2018,33
65,2018,68
66,2018,50
67,2018,35
68,2018,65
69,2018,34
70,2018,24
71,2018,26
72,2018,39
73,2018,33
74,2018,13
75,2018,20
76,2018,19
77,2018,47
78,2018,41
79,2018,40
80,2018,38
81,2018,23
82,2018,27
83,2018,26
84,2018,32
85,2018,23
86,2018,59
87,2018,32
88,2018,55
89,2018,11
90,2018,42
91,2018,27
92,2018,16
93,2018,28
94,2018,50
95,2018,40
96,2018,2
97,2018,133
98,2018,206
99,2018,5
100,2018,50
101,2018,62
102,2018,26
103,2018,8
104,2018,4
105,2018,40
106,2018,76
107,2018,78
108,2018,76
109,2018,7
110,2018,88
111,2018,129
112,2018,96
113,2018,16
114,2018,24
115,2018,12
116,2018,83
117,2018,50
118,2018,68
119,2018,273
120,2018,52
121,2018,29
122,2018,27
123,2018,4
124,2018,43
125,2018,84
126,2018,40
127,2018,19
128,2018,32
129,2018,211
130,2018,54
131,2018,75
132,2018,181
133,2018,45
134,2018,31
135,2018,25
136,2018,56
137,2018,34
138,2018,32
139,2018,35
140,2018,155
141,2018,39
142,2018,23
143,2018,17
144,2018,17
145,2018,28
146,2018,20
147,2018,24
148,2018,24
149,2018,8
150,2018,7
151,2018,12
152,2018,29
153,2018,48
154,2018,5
155,2018,28
156,2018,113
157,2018,4
158,2018,3
159,2018,5
160,2018,46
161,2018,41
162,2018,4
163,2018,4
164,2018,15
165,2018,9
166,2018,6
167,2018,9
168,2018,5
169,2018,6
170,2018,12
171,2018,11
172,2018,10
173,2018,7
174,2018,22
175,2018,2
176,2018,5
177,2018,37
178,2018,7
179,2018,15
180,2018,9
181,2018,6
182,2018,7
183,2018,10
184,2018,14
185,2018,6
186,2018,12
187,2018,7
188,2018,10
189,2018,13
190,2018,27
191,2018,9
192,2018,28
193,2018,21
194,2018,28
195,2018,36
196,2018,95
197,2018,16
198,2018,84
199,2018,67
200,2018,64
201,2018,102
202,2018,89
203,2018,362
204,2018,34
205,2018,34
206,2018,24
207,2018,104
208,2018,82
209,2018,132
210,2018,63
211,2018,41
212,2018,77
213,2018,75
214,2018,96
215,2018,92
216,2018,118
217,2018,99
218,2018,104
219,2018,157
220,2018,103
221,2018,139
222,2018,147
223,2018,61
224,2018,160
225,2018,142
226,2018,197
227,2018,125
228,2018,395
229,2018,139
230,2018,139
231,2018,30
232,2018,73
233,2018,150
234,2018,68
235,2018,96
236,2018,47
237,2018,102
238,2018,133
239,2018,159
240,2018,125
241,2018,100
242,2018,61
243,2018,58
244,2018,47
245,2018,86
246,2018,17
247,2018,89
248,2018,49
249,2018,209
250,2018,35
251,2018,64
252,2018,32
253,2018,107
254,2018,222
255,2018,130
256,2018,73
257,2018,183
258,2018,91
260,2018,13
261,2018,470
262,2018,145
263,2018,88
264,2018,175
265,2018,353
266,2018,14
267,2018,53
268,2018,28
269,2018,58
270,2018,53
271,2018,4
272,2018,76
273,2018,50
274,2018,120
275,2018,57
276,2018,58
277,2018,148
278,2018,444
279,2018,24
280,2018,74
281,2018,10
282,2018,238
283,2018,450
284,2018,183
285,2018,78
286,2018,29
287,2018,168
288,2018,38
289,2018,108
290,2018,510
291,2018,120
292,2018,13
293,2018,380
294,2018,41
295,2018,306
296,2018,617
297,2018,22
298,2018,13
299,2018,25
300,2018,56
301,2018,132
302,2018,104
303,2018,93
304,2018,10
305,2018,5
306,2018,7
307,2018,12
308,2018,18
309,2018,4
310,2018,42
311,2018,62
312,2018,3
313,2018,42
314,2018,824
315,2018,539
316,2018,293
317,2018,789
318,2018,23
319,2018,169
320,2018,17
321,2018,438
322,2018,64
323,2018,156
324,2018,1335
325,2018,649
326,2018,93
327,2018,25
328,2018,217
329,2018,7
330,2018,55
331,2018,370
332,2018,3
333,2018,14
334,2018,30
335,2018,78
336,2018,39
337,2018,3
338,2018,48
339,2018,260
340,2018,2
341,2018,183
342,2018,186
343,2018,934
344,2018,47
345,2018,184
346,2018,2
347,2018,151
348,2018,10
349,2018,127
350,2018,15
351,2018,36
352,2018,4
353,2018,4
354,2018,23
355,2018,61
356,2018,13
357,2018,3
358,2018,62
359,2018,13
360,2018,46
361,2018,5
362,2018,26
363,2018,14
364,2018,7
365,2018,42
366,2018,31
367,2018,10
368,2018,5
369,2018,63
370,2018,488
371,2018,9
372,2018,38
373,2018,11
374,2018,10
375,2018,227
376,2018,25
377,2018,738
378,2018,165
379,2018,782
380,2018,77
381,2018,64
382,2018,193
383,2018,94
384,2018,1200
385,2018,695
386,2018,95
387,2018,25
388,2018,661
389,2018,380
390,2018,37
391,2018,36
392,2018,29
393,2018,72
394,2018,10
395,2018,21
396,2018,18
397,2018,701
398,2018,466
399,2018,51
400,2018,59
401,2018,109
402,2018,27
403,2018,59
404,2018,13
405,2018,149
406,2018,815
407,2018,1054
408,2018,674
409,2018,44
410,2018,837
411,2018,246
412,2018,592
413,2018,20
414,2018,65
415,2018,32
416,2018,78
417,2018,182
418,2018,1249
419,2018,23
420,2018,311
421,2018,493
422,2018,142
423,2018,116
424,2018,63
425,2018,24
426,2018,380
427,2018,41
428,2018,306
429,2018,444
430,2018,104
431,2018,48
432,2018,260
433,2018,153
434,2018,670
435,2018,93
436,2018,10
437,2018,5
438,2018,7
439,2018,12
440,2018,22
441,2018,18
442,2018,4
443,2018,5
444,2018,63
445,2018,42
446,2018,13
447,2018,25
448,2018,71
449,2018,209
450,2018,118
451,2018,498
452,2018,161
453,2018,289
454,2018,336
455,2018,183
456,2018,62
457,2018,78
458,2018,36
459,2018,197
460,2018,43
461,2018,3
462,2018,339
463,2018,406
464,2018,824
465,2018,539
466,2018,168
467,2018,293
468,2018,38
469,2018,108
470,2018,789
471,2018,23
472,2018,510
473,2018,169
474,2018,17
475,2018,438
476,2018,120
477,2018,13
478,2018,64
479,2018,61
480,2018,13
481,2018,3
482,2018,92
483,2018,62
484,2018,156
485,2018,13
486,2018,46
487,2018,5
488,2018,26
489,2018,186
490,2018,855
491,2018,480
492,2018,649
493,2018,54
494,2018,93
495,2018,934
496,2018,47
497,2018,184
498,2018,25
499,2018,217
500,2018,7
501,2018,34
502,2018,2
503,2018,1
507,2018,1
513,2018,1
514,2018,1
516,2018,1
518,2018,1
528,2018,1
535,2018,1
540,2018,8
544,2018,3
547,2018,2
550,2018,2
552,2018,1
553,2018,1
554,2018,1
558,2018,2
561,2018,1
567,2018,6
568,2018,1
572,2018,4
573,2018,1
577,2018,1
578,2018,5
581,2018,7
585,2018,4
586,2018,5
587,2018,1
588,2018,1
590,2018,7
595,2018,3
597,2018,1
602,2018,23
603,2018,6
604,2018,3
606,2018,2
608,2018,4
611,2018,1
613,2018,1
615,2018,1
616,2018,3
617,2018,3
620,2018,1
621,2018,1
622,2018,2
623,2018,1
624,2018,1
625,2018,1
626,2018,2
627,2018,3
628,2018,2
629,2018,3
630,2018,2
631,2018,2
633,2018,2
639,2018,1
640,2018,2
643,2018,3
645,2018,5
646,2018,21
650,2018,2
651,2018,3
653,2018,2
654,2018,4
655,2018,1
657,2018,2
659,2018,2
660,2018,1
664,2018,1
666,2018,1
667,2018,2
676,2018,3
677,2018,2
680,2018,3
681,2018,5
684,2018,1
685,2018,2
694,2018,4
696,2018,1
703,2018,2
714,2018,4
729,2018,1
733,2018,1
740,2018,5
743,2018,2
760,2018,1
761,2018,1
763,2018,1
764,2018,1
774,2018,1
776,2018,2
778,2018,3
803,2018,1
804,2018,5
808,2018,3
809,2018,19
811,2018,9
818,2018,1
821,2018,1
822,2018,1
824,2018,3
825,2018,1
826,2018,6
828,2018,8
829,2018,1
830,2018,2
832,2018,1
835,2018,1
840,2018,1
845,2018,1
848,2018,1
853,2018,2
855,2018,1
863,2018,2
869,2018,1
872,2018,1
875,2018,2
909,2018,11
919,2018,1
971,2018,13
972,2018,3
1000,2018,1
1002,2018,1
1003,2018,1
1004,2018,2
1012,2018,1
1016,2018,2
1037,2018,1
1041,2018,1
1046,2018,4
1049,2018,1
1057,2018,1
1069,2018,2
1078,2018,1
1081,2018,1
1104,2018,1
1109,2018,1
1117,2018,1
1124,2018,3
1126,2018,1
1136,2018,1
1145,2018,5
1149,2018,1
1155,2018,1
1167,2018,1
1168,2018,2
1170,2018,1
1171,2018,5
1174,2018,1
1198,2018,2
1201,2018,1
1202,2018,1
1203,2018,2
1205,2018,4
1209,2018,2
1211,2018,1
1213,2018,1
1216,2018,1
1220,2018,1
1256,2018,3
1263,2018,7
1273,2018,3
1274,2018,6
1282,2018,2
1330,2018,1
1335,2018,1
1349,2018,1
1357,2018,2
1371,2018,2
1372,2018,1
1376,2018,1
1397,2018,1
1411,2018,1
1414,2018,1
1435,2018,3
1440,2018,1
1443,2018,1
1444,2018,1
1448,2018,10
1449,2018,4
1466,2018,1
1467,2018,1
1468,2018,1
1470,2018,1
1475,2018,3
1480,2018,4
1481,2018,1
1486,2018,2
1488,2018,15
1502,2018,1
1503,2018,1
1504,2018,2
1505,2018,2
1507,2018,2
1508,2018,8
1513,2018,4
1517,2018,3
1519,2018,2
1521,2018,1
1522,2018,1
1524,2018,1
1527,2018,44
1528,2018,87
1530,2018,1
1531,2018,177
1532,2018,201
1533,2018,129
1534,2018,1389
1535,2018,1605
1536,2018,1102
1537,2018,1756
1539,2018,591
1540,2018,1692
1541,2018,143
1542,2018,49
1543,2018,475
1544,2018,380
1545,2018,392
1546,2018,715
1547,2018,371
1548,2018,231
1549,2018,752
1550,2018,373
1551,2018,1457
1,2017,3
2,2017,2
3,2017,24
4,2017,12
5,2017,8
6,2017,7
7,2017,5
8,2017,3
9,2017,8
10,2017,2
11,2017,9
12,2017,4
13,2017,27
14,2017,19
15,2017,9
16,2017,12
17,2017,3
18,2017,6
19,2017,6
20,2017,7
21,2017,7
22,2017,1
23,2017,19
24,2017,9
25,2017,9
26,2017,18
27,2017,4
28,2017,14
29,2017,1
30,2017,21
31,2017,7
32,2017,12
33,2017,1
34,2017,22
35,2017,5
36,2017,11
37,2017,9
38,2017,23
39,2017,3
40,2017,11
41,2017,6
42,2017,4
43,2017,6
44,2017,7
46,2017,29
47,2017,5
48,2017,8
49,2017,1
52,2017,8
55,2017,7
56,2017,9
57,2017,42
58,2017,4
59,2017,9
60,2017,66
61,2017,19
62,2017,10
63,2017,18
64,2017,41
65,2017,74
66,2017,53
67,2017,35
68,2017,77
69,2017,42
70,2017,27
71,2017,34
72,2017,45
73,2017,51
74,2017,14
75,2017,22
76,2017,19
77,2017,56
78,2017,54
79,2017,53
80,2017,49
81,2017,27
82,2017,36
83,2017,38
84,2017,34
85,2017,24
86,2017,63
87,2017,37
88,2017,64
89,2017,16
90,2017,48
91,2017,32
92,2017,22
93,2017,40
94,2017,68
95,2017,50
96,2017,5
97,2017,158
98,2017,239
99,2017,8
100,2017,64
101,2017,89
102,2017,33
103,2017,15
104,2017,9
105,2017,40
106,2017,94
107,2017,97
108,2017,117
109,2017,12
110,2017,123
111,2017,178
112,2017,142
113,2017,17
114,2017,24
115,2017,12
116,2017,88
117,2017,56
118,2017,94
119,2017,327
120,2017,54
121,2017,33
122,2017,31
123,2017,6
124,2017,56
125,2017,101
126,2017,47
127,2017,18
128,2017,39
129,2017,242
130,2017,65
131,2017,81
132,2017,201
133,2017,51
134,2017,32
135,2017,32
136,2017,72
137,2017,46
138,2017,42
139,2017,43
140,2017,198
141,2017,47
142,2017,38
143,2017,14
144,2017,20
145,2017,23
146,2017,13
147,2017,24
148,2017,30
149,2017,9
150,2017,7
151,2017,16
152,2017,31
153,2017,61
154,2017,6
155,2017,38
156,2017,144
157,2017,8
158,2017,4
159,2017,5
160,2017,55
161,2017,46
162,2017,4
163,2017,4
164,2017,16
165,2017,10
166,2017,7
167,2017,10
168,2017,6
169,2017,5
170,2017,12
171,2017,13
172,2017,10
173,2017,7
174,2017,23
175,2017,3
176,2017,5
177,2017,44
178,2017,6
179,2017,18
180,2017,9
181,2017,7
182,2017,7
183,2017,10
184,2017,16
185,2017,8
186,2017,13
187,2017,9
188,2017,11
189,2017,13
190,2017,30
191,2017,9
192,2017,29
193,2017,25
194,2017,31
195,2017,40
196,2017,106
197,2017,16
198,2017,95
199,2017,79
200,2017,79
201,2017,127
202,2017,97
203,2017,414
204,2017,42
205,2017,44
206,2017,27
207,2017,139
208,2017,97
209,2017,144
210,2017,85
211,2017,64
212,2017,83
213,2017,88
214,2017,114
215,2017,107
216,2017,136
217,2017,105
218,2017,108
219,2017,156
220,2017,112
221,2017,160
222,2017,170
223,2017,68
224,2017,197
225,2017,173
226,2017,243
227,2017,136
228,2017,474
229,2017,146
230,2017,158
231,2017,46
232,2017,86
233,2017,168
234,2017,74
235,2017,113
236,2017,57
237,2017,127
238,2017,146
239,2017,198
240,2017,140
241,2017,103
242,2017,63
243,2017,51
244,2017,51
245,2017,107
246,2017,20
247,2017,108
248,2017,57
249,2017,212
250,2017,36
251,2017,68
252,2017,35
253,2017,123
254,2017,222
255,2017,125
256,2017,73
257,2017,179
258,2017,96
260,2017,15
261,2017,485
262,2017,145
263,2017,107
264,2017,200
265,2017,403
266,2017,20
267,2017,65
268,2017,30
269,2017,67
270,2017,61
271,2017,5
272,2017,98
273,2017,61
274,2017,146
275,2017,64
276,2017,67
277,2017,163
278,2017,610
279,2017,27
280,2017,80
281,2017,15
282,2017,262
283,2017,510
284,2017,196
285,2017,97
286,2017,34
287,2017,215
288,2017,45
289,2017,133
290,2017,521
291,2017,135
292,2017,14
293,2017,449
294,2017,46
295,2017,380
296,2017,725
297,2017,31
298,2017,15
299,2017,25
300,2017,63
301,2017,155
302,2017,129
303,2017,87
304,2017,28
305,2017,7
306,2017,7
307,2017,10
308,2017,18
309,2017,7
310,2017,42
311,2017,65
312,2017,6
313,2017,61
314,2017,954
315,2017,639
316,2017,359
317,2017,804
318,2017,19
319,2017,193
320,2017,21
321,2017,434
322,2017,71
323,2017,188
324,2017,1577
325,2017,764
326,2017,116
327,2017,27
328,2017,219
329,2017,8
330,2017,59
331,2017,442
332,2017,6
333,2017,15
334,2017,28
335,2017,77
336,2017,39
337,2017,4
338,2017,55
339,2017,322
340,2017,3
341,2017,235
342,2017,226
343,2017,1060
344,2017,48
345,2017,181
346,2017,3
347,2017,169
348,2017,11
349,2017,153
350,2017,14
351,2017,41
352,2017,5
353,2017,4
354,2017,24
355,2017,88
356,2017,25
357,2017,8
358,2017,77
359,2017,17
360,2017,49
361,2017,7
362,2017,29
363,2017,21
364,2017,9
365,2017,48
366,2017,34
367,2017,9
368,2017,4
369,2017,73
370,2017,596
371,2017,10
372,2017,43
373,2017,13
374,2017,11
375,2017,261
376,2017,43
377,2017,866
378,2017,197
379,2017,909
380,2017,73
381,2017,77
382,2017,248
383,2017,125
384,2017,1519
385,2017,856
386,2017,105
387,2017,25
388,2017,711
389,2017,404
390,2017,41
391,2017,36
392,2017,34
393,2017,70
394,2017,15
395,2017,21
396,2017,23
397,2017,715
398,2017,563
399,2017,48
400,2017,63
401,2017,136
402,2017,27
403,2017,62
404,2017,16
405,2017,181
406,2017,962
407,2017,1243
408,2017,784
409,2017,51
410,2017,1000
411,2017,314
412,2017,712
413,2017,19
414,2017,71
415,2017,33
416,2017,84
417,2017,182
418,2017,1280
419,2017,26
420,2017,354
421,2017,558
422,2017,166
423,2017,141
424,2017,63
425,2017,47
426,2017,449
427,2017,46
428,2017,380
429,2017,610
430,2017,129
431,2017,55
432,2017,322
433,2017,170
434,2017,783
435,2017,87
436,2017,28
437,2017,7
438,2017,7
439,2017,10
440,2017,31
441,2017,18
442,2017,7
443,2017,4
444,2017,73
445,2017,42
446,2017,15
447,2017,25
448,2017,77
449,2017,234
450,2017,129
451,2017,605
452,2017,188
453,2017,322
454,2017,394
455,2017,196
456,2017,65
457,2017,97
458,2017,41
459,2017,250
460,2017,55
461,2017,6
462,2017,400
463,2017,483
464,2017,954
465,2017,639
466,2017,215
467,2017,359
468,2017,45
469,2017,133
470,2017,804
471,2017,19
472,2017,521
473,2017,193
474,2017,21
475,2017,434
476,2017,135
477,2017,14
478,2017,71
479,2017,88
480,2017,25
481,2017,8
482,2017,93
483,2017,77
484,2017,188
485,2017,17
486,2017,49
487,2017,7
488,2017,29
489,2017,226
490,2017,996
491,2017,581
492,2017,764
493,2017,60
494,2017,116
495,2017,1060
496,2017,48
497,2017,181
498,2017,27
499,2017,219
500,2017,8
501,2017,32
502,2017,3
503,2017,1
507,2017,1
513,2017,1
514,2017,1
516,2017,1
518,2017,1
528,2017,1
535,2017,1
540,2017,13
544,2017,5
546,2017,1
547,2017,4
550,2017,2
552,2017,1
553,2017,1
554,2017,1
558,2017,2
561,2017,1
566,2017,1
567,2017,6
568,2017,1
571,2017,1
572,2017,5
573,2017,2
577,2017,1
578,2017,7
581,2017,9
585,2017,5
586,2017,9
587,2017,1
588,2017,1
590,2017,11
591,2017,2
594,2017,2
595,2017,3
597,2017,1
598,2017,1
602,2017,25
603,2017,6
604,2017,3
605,2017,1
606,2017,2
607,2017,1
608,2017,5
610,2017,1
611,2017,2
613,2017,2
615,2017,1
616,2017,3
617,2017,3
619,2017,1
620,2017,1
621,2017,1
622,2017,2
623,2017,4
624,2017,2
625,2017,1
626,2017,2
627,2017,3
628,2017,2
629,2017,3
630,2017,1
631,2017,2
633,2017,4
634,2017,1
635,2017,1
638,2017,1
639,2017,1
640,2017,2
642,2017,1
643,2017,3
645,2017,6
646,2017,27
650,2017,2
651,2017,2
653,2017,2
654,2017,7
655,2017,1
657,2017,2
659,2017,3
660,2017,2
664,2017,2
665,2017,1
666,2017,1
667,2017,3
676,2017,4
677,2017,2
680,2017,3
681,2017,4
684,2017,1
685,2017,2
694,2017,4
696,2017,1
703,2017,2
714,2017,6
729,2017,1
733,2017,2
739,2017,1
740,2017,12
743,2017,3
744,2017,1
755,2017,1
760,2017,1
761,2017,2
763,2017,2
764,2017,1
774,2017,3
776,2017,2
778,2017,4
803,2017,1
804,2017,5
808,2017,3
809,2017,18
811,2017,9
821,2017,1
822,2017,1
824,2017,4
825,2017,1
826,2017,8
828,2017,7
829,2017,1
830,2017,4
832,2017,2
835,2017,1
839,2017,1
840,2017,1
845,2017,1
848,2017,1
853,2017,1
855,2017,2
863,2017,2
869,2017,1
872,2017,1
875,2017,2
909,2017,12
919,2017,1
971,2017,17
972,2017,3
995,2017,1
1000,2017,1
1002,2017,1
1003,2017,1
1004,2017,3
1012,2017,1
1016,2017,2
1037,2017,1
1041,2017,1
1046,2017,4
1049,2017,1
1057,2017,1
1069,2017,2
1078,2017,1
1081,2017,2
1104,2017,1
1109,2017,1
1117,2017,1
1124,2017,3
1126,2017,1
1136,2017,1
1145,2017,6
1149,2017,2
1155,2017,1
1167,2017,1
1168,2017,2
1170,2017,1
1171,2017,5
1174,2017,2
1198,2017,3
1201,2017,1
1202,2017,3
1203,2017,2
1205,2017,7
1209,2017,2
1211,2017,1
1213,2017,1
1216,2017,1
1220,2017,2
1256,2017,3
1263,2017,9
1273,2017,4
1274,2017,6
1282,2017,3
1330,2017,1
1335,2017,1
1349,2017,1
1357,2017,2
1371,2017,1
1372,2017,1
1376,2017,2
1397,2017,1
1411,2017,1
1414,2017,1
1435,2017,3
1437,2017,1
1440,2017,1
1443,2017,1
1444,2017,2
1448,2017,18
1449,2017,4
1466,2017,2
1467,2017,1
1468,2017,1
1470,2017,1
1475,2017,3
1480,2017,4
1481,2017,1
1486,2017,3
1488,2017,23
1502,2017,1
1503,2017,1
1504,2017,2
1505,2017,2
1507,2017,1
1508,2017,8
1513,2017,4
1517,2017,3
1519,2017,3
1521,2017,1
1522,2017,1
1524,2017,1
1527,2017,42
1528,2017,95
1530,2017,2
1531,2017,181
1532,2017,220
1533,2017,140
1534,2017,1648
1535,2017,1868
1536,2017,1330
1537,2017,2009
1539,2017,598
1540,2017,1724
1541,2017,134
1542,2017,86
1543,2017,584
1544,2017,443
1545,2017,439
1546,2017,821
1547,2017,465
1548,2017,255
1549,2017,926
1550,2017,478
1551,2017,1813
1,2016,3
2,2016,2
3,2016,24
4,2016,15
5,2016,9
6,2016,7
7,2016,7
8,2016,4
9,2016,11
10,2016,2
11,2016,9
12,2016,4
13,2016,25
14,2016,21
15,2016,14
16,2016,15
17,2016,2
18,2016,6
19,2016,7
20,2016,7
21,2016,7
22,2016,1
23,2016,19
24,2016,12
25,2016,12
26,2016,18
27,2016,4
28,2016,15
29,2016,1
30,2016,22
31,2016,7
32,2016,13
33,2016,1
34,2016,24
35,2016,5
36,2016,12
37,2016,6
38,2016,26
39,2016,3
40,2016,10
41,2016,6
42,2016,6
43,2016,6
44,2016,7
45,2016,1
46,2016,29
47,2016,5
48,2016,8
49,2016,1
52,2016,11
55,2016,8
56,2016,9
57,2016,51
58,2016,4
59,2016,13
60,2016,79
61,2016,17
62,2016,11
63,2016,17
64,2016,40
65,2016,82
66,2016,62
67,2016,41
68,2016,90
69,2016,48
70,2016,31
71,2016,39
72,2016,47
73,2016,57
74,2016,14
75,2016,22
76,2016,23
77,2016,61
78,2016,53
79,2016,57
80,2016,63
81,2016,25
82,2016,36
83,2016,43
84,2016,38
85,2016,23
86,2016,69
87,2016,36
88,2016,71
89,2016,18
90,2016,49
91,2016,33
92,2016,23
93,2016,47
94,2016,87
95,2016,50
96,2016,5
97,2016,192
98,2016,279
99,2016,11
100,2016,67
101,2016,108
102,2016,36
103,2016,15
104,2016,9
105,2016,26
106,2016,91
107,2016,106
108,2016,141
109,2016,13
110,2016,139
111,2016,223
112,2016,152
113,2016,19
114,2016,23
115,2016,12
116,2016,94
117,2016,61
118,2016,110
119,2016,356
120,2016,58
121,2016,35
122,2016,28
123,2016,6
124,2016,59
125,2016,110
126,2016,53
127,2016,22
128,2016,45
129,2016,256
130,2016,64
131,2016,92
132,2016,223
133,2016,51
134,2016,32
135,2016,32
136,2016,83
137,2016,49
138,2016,45
139,2016,46
140,2016,207
141,2016,48
142,2016,40
143,2016,16
144,2016,18
145,2016,29
146,2016,19
147,2016,29
148,2016,31
149,2016,9
150,2016,7
151,2016,17
152,2016,34
153,2016,67
154,2016,7
155,2016,37
156,2016,160
157,2016,8
158,2016,4
159,2016,5
160,2016,66
161,2016,55
162,2016,5
163,2016,6
164,2016,17
165,2016,13
166,2016,7
167,2016,9
168,2016,6
169,2016,5
170,2016,11
171,2016,15
172,2016,10
173,2016,10
174,2016,23
175,2016,3
176,2016,5
177,2016,51
178,2016,12
179,2016,20
180,2016,11
181,2016,10
182,2016,6
183,2016,12
184,2016,17
185,2016,9
186,2016,15
187,2016,8
188,2016,11
189,2016,12
190,2016,34
191,2016,8
192,2016,32
193,2016,28
194,2016,39
195,2016,48
196,2016,115
197,2016,15
198,2016,108
199,2016,89
200,2016,84
201,2016,138
202,2016,115
203,2016,459
204,2016,39
205,2016,45
206,2016,27
207,2016,151
208,2016,105
209,2016,169
210,2016,97
211,2016,63
212,2016,92
213,2016,96
214,2016,124
215,2016,118
216,2016,157
217,2016,116
218,2016,120
219,2016,165
220,2016,116
221,2016,179
222,2016,175
223,2016,68
224,2016,205
225,2016,180
226,2016,256
227,2016,143
228,2016,468
229,2016,153
230,2016,152
231,2016,46
232,2016,89
233,2016,179
234,2016,82
235,2016,126
236,2016,62
237,2016,122
238,2016,157
239,2016,206
240,2016,147
241,2016,116
242,2016,67
243,2016,62
244,2016,58
245,2016,111
246,2016,24
247,2016,112
248,2016,65
249,2016,222
250,2016,40
251,2016,71
252,2016,33
253,2016,133
254,2016,239
255,2016,142
256,2016,86
257,2016,203
258,2016,107
260,2016,15
261,2016,565
262,2016,155
263,2016,113
264,2016,225
265,2016,415
266,2016,19
267,2016,67
268,2016,33
269,2016,88
270,2016,70
271,2016,4
272,2016,113
273,2016,61
274,2016,177
275,2016,74
276,2016,87
277,2016,180
278,2016,701
279,2016,32
280,2016,94
281,2016,18
282,2016,278
283,2016,534
284,2016,227
285,2016,108
286,2016,42
287,2016,215
288,2016,53
289,2016,136
290,2016,618
291,2016,141
292,2016,14
293,2016,535
294,2016,51
295,2016,414
296,2016,828
297,2016,31
298,2016,15
299,2016,29
300,2016,66
301,2016,161
302,2016,133
303,2016,92
304,2016,28
305,2016,7
306,2016,7
307,2016,13
308,2016,19
309,2016,7
310,2016,46
311,2016,73
312,2016,6
313,2016,66
314,2016,1039
315,2016,678
316,2016,370
317,2016,863
318,2016,24
319,2016,211
320,2016,25
321,2016,469
322,2016,56
323,2016,192
324,2016,1695
325,2016,839
326,2016,118
327,2016,25
328,2016,250
329,2016,10
330,2016,66
331,2016,473
332,2016,7
333,2016,17
334,2016,24
335,2016,89
336,2016,47
337,2016,6
338,2016,67
339,2016,381
340,2016,3
341,2016,246
342,2016,242
343,2016,1095
344,2016,49
345,2016,199
346,2016,3
347,2016,180
348,2016,12
349,2016,156
350,2016,13
351,2016,40
352,2016,5
353,2016,4
354,2016,28
355,2016,110
356,2016,26
357,2016,8
358,2016,83
359,2016,17
360,2016,49
361,2016,7
362,2016,28
363,2016,21
364,2016,7
365,2016,53
366,2016,37
367,2016,9
368,2016,4
369,2016,81
370,2016,685
371,2016,11
372,2016,56
373,2016,21
374,2016,10
375,2016,288
376,2016,42
377,2016,904
378,2016,218
379,2016,1029
380,2016,77
381,2016,92
382,2016,300
383,2016,145
384,2016,1739
385,2016,929
386,2016,122
387,2016,31
388,2016,788
389,2016,450
390,2016,45
391,2016,35
392,2016,33
393,2016,89
394,2016,15
395,2016,23
396,2016,25
397,2016,772
398,2016,594
399,2016,50
400,2016,70
401,2016,136
402,2016,30
403,2016,50
404,2016,18
405,2016,183
406,2016,972
407,2016,1364
408,2016,873
409,2016,64
410,2016,1043
411,2016,343
412,2016,751
413,2016,22
414,2016,75
415,2016,34
416,2016,85
417,2016,200
418,2016,1426
419,2016,31
420,2016,397
421,2016,608
422,2016,180
423,2016,150
424,2016,67
425,2016,46
426,2016,535
427,2016,51
428,2016,414
429,2016,701
430,2016,133
431,2016,67
432,2016,381
433,2016,183
434,2016,891
435,2016,92
436,2016,28
437,2016,7
438,2016,7
439,2016,13
440,2016,31
441,2016,19
442,2016,7
443,2016,4
444,2016,81
445,2016,46
446,2016,15
447,2016,29
448,2016,79
449,2016,250
450,2016,136
451,2016,694
452,2016,192
453,2016,342
454,2016,418
455,2016,227
456,2016,73
457,2016,108
458,2016,40
459,2016,263
460,2016,63
461,2016,6
462,2016,455
463,2016,520
464,2016,1039
465,2016,678
466,2016,215
467,2016,370
468,2016,53
469,2016,136
470,2016,863
471,2016,24
472,2016,618
473,2016,211
474,2016,25
475,2016,469
476,2016,141
477,2016,14
478,2016,56
479,2016,110
480,2016,26
481,2016,8
482,2016,104
483,2016,83
484,2016,192
485,2016,17
486,2016,49
487,2016,7
488,2016,28
489,2016,242
490,2016,1072
491,2016,623
492,2016,839
493,2016,75
494,2016,118
495,2016,1095
496,2016,49
497,2016,199
498,2016,25
499,2016,250
500,2016,10
501,2016,28
502,2016,3
503,2016,1
513,2016,1
514,2016,1
516,2016,1
518,2016,1
528,2016,1
535,2016,1
540,2016,20
544,2016,5
546,2016,1
547,2016,4
550,2016,3
552,2016,1
553,2016,1
554,2016,1
558,2016,2
561,2016,1
566,2016,2
567,2016,6
568,2016,1
571,2016,1
572,2016,5
573,2016,3
578,2016,7
581,2016,12
585,2016,7
586,2016,9
587,2016,1
588,2016,1
590,2016,16
591,2016,2
594,2016,2
595,2016,3
597,2016,4
598,2016,1
602,2016,25
603,2016,9
604,2016,5
605,2016,1
606,2016,2
607,2016,3
608,2016,6
610,2016,1
611,2016,2
612,2016,2
613,2016,2
615,2016,2
616,2016,4
617,2016,3
619,2016,1
620,2016,1
621,2016,1
622,2016,2
623,2016,8
624,2016,2
625,2016,1
626,2016,2
627,2016,3
628,2016,2
629,2016,3
630,2016,2
631,2016,2
633,2016,5
634,2016,3
635,2016,1
639,2016,1
640,2016,2
642,2016,1
643,2016,2
645,2016,7
646,2016,28
650,2016,2
651,2016,5
653,2016,2
654,2016,7
655,2016,1
657,2016,1
659,2016,3
660,2016,2
664,2016,2
665,2016,1
666,2016,1
667,2016,3
670,2016,1
676,2016,4
677,2016,2
680,2016,2
681,2016,4
684,2016,1
685,2016,2
693,2016,1
694,2016,4
696,2016,1
703,2016,2
714,2016,6
729,2016,2
731,2016,1
733,2016,2
739,2016,1
740,2016,12
743,2016,2
744,2016,1
755,2016,1
760,2016,1
761,2016,2
763,2016,2
764,2016,1
774,2016,3
776,2016,2
778,2016,4
781,2016,1
803,2016,1
804,2016,7
808,2016,3
809,2016,20
811,2016,10
821,2016,1
822,2016,1
824,2016,4
825,2016,1
826,2016,9
828,2016,9
829,2016,1
830,2016,4
832,2016,2
835,2016,1
839,2016,1
845,2016,1
848,2016,2
853,2016,2
855,2016,2
863,2016,2
869,2016,1
872,2016,2
875,2016,5
883,2016,1
909,2016,15
919,2016,1
971,2016,19
972,2016,3
992,2016,1
993,2016,1
995,2016,1
1000,2016,1
1002,2016,1
1003,2016,1
1004,2016,5
1012,2016,1
1016,2016,2
1037,2016,1
1041,2016,1
1046,2016,4
1049,2016,1
1057,2016,1
1069,2016,2
1078,2016,1
1081,2016,2
1104,2016,1
1109,2016,1
1117,2016,1
1124,2016,4
1126,2016,1
1136,2016,1
1145,2016,5
1149,2016,1
1155,2016,1
1167,2016,1
1168,2016,2
1170,2016,1
1171,2016,6
1174,2016,2
1197,2016,1
1198,2016,3
1201,2016,1
1202,2016,5
1203,2016,2
1205,2016,8
1209,2016,2
1211,2016,2
1213,2016,1
1216,2016,1
1220,2016,2
1256,2016,3
1263,2016,10
1273,2016,4
1274,2016,6
1282,2016,2
1330,2016,1
1335,2016,1
1349,2016,1
1357,2016,2
1371,2016,1
1372,2016,1
1376,2016,2
1397,2016,1
1414,2016,2
1420,2016,1
1435,2016,3
1443,2016,1
1444,2016,2
1448,2016,24
1449,2016,4
1466,2016,3
1467,2016,2
1468,2016,1
1470,2016,1
1475,2016,3
1480,2016,4
1481,2016,1
1486,2016,3
1488,2016,40
1502,2016,1
1503,2016,1
1504,2016,1
1505,2016,2
1506,2016,1
1507,2016,1
1508,2016,11
1513,2016,4
1517,2016,2
1519,2016,4
1521,2016,1
1522,2016,1
1524,2016,1
1527,2016,46
1528,2016,108
1530,2016,2
1531,2016,206
1532,2016,239
1533,2016,149
1534,2016,1781
1535,2016,2107
1536,2016,1387
1537,2016,2091
1539,2016,666
1540,2016,1901
1541,2016,140
1542,2016,88
1543,2016,608
1544,2016,510
1545,2016,457
1546,2016,881
1547,2016,539
1548,2016,285
1549,2016,996
1550,2016,508
1551,2016,2072
1,2015,5
2,2015,2
3,2015,26
4,2015,16
5,2015,17
6,2015,8
7,2015,8
8,2015,4
9,2015,13
10,2015,6
11,2015,9
12,2015,6
13,2015,27
14,2015,25
15,2015,15
16,2015,19
17,2015,5
18,2015,8
19,2015,8
20,2015,8
21,2015,8
22,2015,1
23,2015,22
24,2015,13
25,2015,13
26,2015,21
27,2015,6
28,2015,16
29,2015,1
30,2015,27
31,2015,7
32,2015,16
34,2015,28
35,2015,5
36,2015,16
37,2015,8
38,2015,25
39,2015,3
40,2015,11
41,2015,8
42,2015,6
43,2015,9
44,2015,8
45,2015,2
46,2015,34
47,2015,5
48,2015,10
49,2015,3
52,2015,10
55,2015,9
56,2015,8
57,2015,51
58,2015,4
59,2015,15
60,2015,76
61,2015,17
62,2015,12
63,2015,17
64,2015,44
65,2015,85
66,2015,67
67,2015,49
68,2015,103
69,2015,56
70,2015,32
71,2015,43
72,2015,53
73,2015,78
74,2015,15
75,2015,23
76,2015,27
77,2015,65
78,2015,64
79,2015,78
80,2015,80
81,2015,27
82,2015,42
83,2015,52
84,2015,38
85,2015,23
86,2015,88
87,2015,34
88,2015,75
89,2015,21
90,2015,52
91,2015,35
92,2015,25
93,2015,62
94,2015,105
95,2015,52
96,2015,4
97,2015,203
98,2015,294
99,2015,15
100,2015,69
101,2015,123
102,2015,40
103,2015,20
104,2015,10
105,2015,47
106,2015,116
107,2015,113
108,2015,142
109,2015,15
110,2015,135
111,2015,244
112,2015,161
113,2015,22
114,2015,31
115,2015,17
116,2015,113
117,2015,69
118,2015,102
119,2015,391
120,2015,69
121,2015,42
122,2015,31
123,2015,8
124,2015,66
125,2015,118
126,2015,65
127,2015,22
128,2015,45
129,2015,295
130,2015,67
131,2015,87
132,2015,238
133,2015,60
134,2015,32
135,2015,33
136,2015,108
137,2015,61
138,2015,44
139,2015,48
140,2015,217
141,2015,51
142,2015,46
143,2015,21
144,2015,26
145,2015,29
146,2015,18
147,2015,32
148,2015,41
149,2015,14
150,2015,10
151,2015,21
152,2015,34
153,2015,74
154,2015,6
155,2015,41
156,2015,186
157,2015,11
158,2015,5
159,2015,7
160,2015,65
161,2015,63
162,2015,5
163,2015,6
164,2015,18
165,2015,12
166,2015,6
167,2015,14
168,2015,6
169,2015,5
170,2015,15
171,2015,15
172,2015,10
173,2015,10
174,2015,24
175,2015,3
176,2015,5
177,2015,57
178,2015,13
179,2015,20
180,2015,12
181,2015,10
182,2015,4
183,2015,11
184,2015,19
185,2015,9
186,2015,16
187,2015,8
188,2015,12
189,2015,13
190,2015,35
191,2015,8
192,2015,33
193,2015,29
194,2015,46
195,2015,53
196,2015,122
197,2015,16
198,2015,116
199,2015,96
200,2015,94
201,2015,142
202,2015,119
203,2015,519
204,2015,45
205,2015,50
206,2015,20
207,2015,173
208,2015,148
209,2015,206
210,2015,101
211,2015,67
212,2015,100
213,2015,103
214,2015,129
215,2015,171
216,2015,187
217,2015,128
218,2015,127
219,2015,167
220,2015,117
221,2015,202
222,2015,190
223,2015,81
224,2015,233
225,2015,212
226,2015,301
227,2015,160
228,2015,533
229,2015,179
230,2015,180
231,2015,53
232,2015,105
233,2015,191
234,2015,89
235,2015,142
236,2015,66
237,2015,141
238,2015,196
239,2015,231
240,2015,174
241,2015,129
242,2015,79
243,2015,64
244,2015,61
245,2015,133
246,2015,29
247,2015,123
248,2015,71
249,2015,234
250,2015,43
251,2015,70
252,2015,37
253,2015,138
254,2015,251
255,2015,166
256,2015,94
257,2015,215
258,2015,106
260,2015,19
261,2015,600
262,2015,162
263,2015,127
264,2015,264
265,2015,438
266,2015,22
267,2015,68
268,2015,37
269,2015,87
270,2015,70
271,2015,5
272,2015,123
273,2015,62
274,2015,210
275,2015,92
276,2015,100
277,2015,190
278,2015,718
279,2015,43
280,2015,99
281,2015,18
282,2015,293
283,2015,572
284,2015,257
285,2015,118
286,2015,46
287,2015,253
288,2015,56
289,2015,163
290,2015,643
291,2015,142
292,2015,16
293,2015,573
294,2015,58
295,2015,453
296,2015,931
297,2015,36
298,2015,15
299,2015,32
300,2015,66
301,2015,164
302,2015,171
303,2015,108
304,2015,33
305,2015,6
306,2015,8
307,2015,17
308,2015,27
309,2015,9
310,2015,51
311,2015,83
312,2015,8
313,2015,84
314,2015,1269
315,2015,761
316,2015,424
317,2015,928
318,2015,30
319,2015,224
320,2015,32
321,2015,498
322,2015,87
323,2015,229
324,2015,1806
325,2015,954
326,2015,138
327,2015,27
328,2015,269
329,2015,11
330,2015,74
331,2015,560
332,2015,6
333,2015,18
334,2015,30
335,2015,101
336,2015,46
337,2015,7
338,2015,66
339,2015,394
340,2015,5
341,2015,258
342,2015,269
343,2015,1253
344,2015,58
345,2015,207
346,2015,3
347,2015,213
348,2015,12
349,2015,164
350,2015,18
351,2015,49
352,2015,4
353,2015,6
354,2015,35
355,2015,125
356,2015,29
357,2015,11
358,2015,94
359,2015,20
360,2015,58
361,2015,9
362,2015,18
363,2015,29
364,2015,7
365,2015,55
366,2015,40
367,2015,8
368,2015,4
369,2015,90
370,2015,811
371,2015,12
372,2015,63
373,2015,21
374,2015,11
375,2015,305
376,2015,48
377,2015,965
378,2015,237
379,2015,1141
380,2015,94
381,2015,110
382,2015,364
383,2015,166
384,2015,1818
385,2015,1076
386,2015,138
387,2015,31
388,2015,886
389,2015,488
390,2015,40
391,2015,39
392,2015,37
393,2015,94
394,2015,17
395,2015,32
396,2015,28
397,2015,810
398,2015,639
399,2015,53
400,2015,79
401,2015,156
402,2015,34
403,2015,74
404,2015,21
405,2015,218
406,2015,1084
407,2015,1523
408,2015,1052
409,2015,63
410,2015,1194
411,2015,411
412,2015,868
413,2015,26
414,2015,87
415,2015,42
416,2015,88
417,2015,230
418,2015,1508
419,2015,34
420,2015,451
421,2015,639
422,2015,208
423,2015,170
424,2015,69
425,2015,53
426,2015,573
427,2015,58
428,2015,453
429,2015,718
430,2015,171
431,2015,66
432,2015,394
433,2015,218
434,2015,1000
435,2015,108
436,2015,33
437,2015,6
438,2015,8
439,2015,17
440,2015,36
441,2015,27
442,2015,9
443,2015,4
444,2015,90
445,2015,51
446,2015,15
447,2015,32
448,2015,84
449,2015,265
450,2015,142
451,2015,819
452,2015,204
453,2015,368
454,2015,433
455,2015,257
456,2015,83
457,2015,118
458,2015,49
459,2015,276
460,2015,75
461,2015,8
462,2015,503
463,2015,620
464,2015,1269
465,2015,761
466,2015,253
467,2015,424
468,2015,56
469,2015,163
470,2015,928
471,2015,30
472,2015,643
473,2015,224
474,2015,32
475,2015,498
476,2015,142
477,2015,16
478,2015,87
479,2015,125
480,2015,29
481,2015,11
482,2015,116
483,2015,94
484,2015,229
485,2015,20
486,2015,58
487,2015,9
488,2015,18
489,2015,269
490,2015,1120
491,2015,686
492,2015,954
493,2015,76
494,2015,138
495,2015,1253
496,2015,58
497,2015,207
498,2015,27
499,2015,269
500,2015,11
501,2015,36
502,2015,3
503,2015,1
507,2015,1
510,2015,1
513,2015,1
514,2015,1
515,2015,1
516,2015,1
518,2015,1
528,2015,1
535,2015,2
540,2015,23
544,2015,7
546,2015,1
547,2015,6
550,2015,3
552,2015,1
553,2015,1
554,2015,1
558,2015,3
561,2015,1
566,2015,2
567,2015,7
568,2015,1
571,2015,2
572,2015,5
573,2015,1
578,2015,8
581,2015,13
585,2015,8
586,2015,9
587,2015,1
588,2015,1
590,2015,18
591,2015,2
594,2015,2
595,2015,3
597,2015,4
598,2015,1
602,2015,26
603,2015,8
604,2015,5
605,2015,1
606,2015,2
607,2015,3
608,2015,6
610,2015,1
611,2015,3
612,2015,2
613,2015,2
615,2015,2
616,2015,4
617,2015,4
619,2015,2
620,2015,1
621,2015,1
622,2015,2
623,2015,9
624,2015,1
625,2015,1
626,2015,2
627,2015,3
628,2015,1
629,2015,5
630,2015,4
631,2015,2
633,2015,5
634,2015,1
639,2015,1
640,2015,2
642,2015,1
643,2015,2
645,2015,6
646,2015,29
650,2015,2
651,2015,7
653,2015,2
654,2015,7
655,2015,1
657,2015,1
659,2015,3
660,2015,2
664,2015,3
665,2015,1
666,2015,1
667,2015,3
670,2015,1
676,2015,4
677,2015,2
680,2015,2
681,2015,6
684,2015,1
685,2015,2
693,2015,1
694,2015,4
696,2015,2
703,2015,2
714,2015,7
729,2015,2
731,2015,1
733,2015,2
739,2015,1
740,2015,12
743,2015,3
744,2015,1
755,2015,2
760,2015,1
761,2015,2
763,2015,2
764,2015,1
774,2015,3
776,2015,4
778,2015,6
781,2015,1
793,2015,1
803,2015,1
804,2015,7
808,2015,3
809,2015,21
811,2015,10
818,2015,1
821,2015,1
822,2015,1
824,2015,4
825,2015,2
826,2015,9
828,2015,9
829,2015,1
830,2015,4
832,2015,2
835,2015,1
839,2015,1
840,2015,1
845,2015,1
848,2015,3
853,2015,3
855,2015,2
863,2015,2
869,2015,1
872,2015,2
875,2015,3
883,2015,1
895,2015,1
909,2015,16
919,2015,1
971,2015,21
972,2015,3
992,2015,1
993,2015,1
995,2015,1
1000,2015,1
1002,2015,1
1003,2015,1
1004,2015,7
1012,2015,1
1016,2015,2
1037,2015,1
1041,2015,1
1046,2015,4
1049,2015,1
1057,2015,1
1069,2015,2
1078,2015,1
1081,2015,3
1104,2015,1
1109,2015,1
1117,2015,1
1124,2015,4
1126,2015,1
1136,2015,1
1145,2015,5
1149,2015,2
1155,2015,1
1167,2015,1
1168,2015,2
1170,2015,1
1171,2015,4
1174,2015,2
1197,2015,1
1198,2015,3
1201,2015,1
1202,2015,4
1203,2015,2
1205,2015,9
1207,2015,1
1209,2015,1
1211,2015,2
1213,2015,1
1214,2015,1
1216,2015,2
1220,2015,2
1225,2015,1
1256,2015,3
1263,2015,13
1273,2015,4
1274,2015,6
1282,2015,3
1330,2015,2
1335,2015,1
1349,2015,1
1357,2015,2
1371,2015,1
1372,2015,2
1376,2015,2
1397,2015,1
1414,2015,2
1420,2015,1
1432,2015,1
1435,2015,3
1437,2015,1
1440,2015,1
1443,2015,1
1444,2015,2
1448,2015,27
1449,2015,4
1466,2015,3
1467,2015,3
1468,2015,1
1470,2015,1
1475,2015,3
1480,2015,4
1481,2015,1
1486,2015,2
1488,2015,36
1498,2015,5
1502,2015,1
1503,2015,1
1504,2015,1
1505,2015,2
1506,2015,1
1507,2015,2
1508,2015,11
1513,2015,4
1517,2015,3
1519,2015,3
1521,2015,1
1522,2015,1
1523,2015,1
1524,2015,2
1527,2015,62
1528,2015,112
1530,2015,2
1531,2015,235
1532,2015,252
1533,2015,160
1534,2015,1888
1535,2015,2485
1536,2015,1568
1537,2015,2397
1539,2015,720
1540,2015,2001
1541,2015,163
1542,2015,101
1543,2015,699
1544,2015,559
1545,2015,478
1546,2015,940
1547,2015,662
1548,2015,319
1549,2015,1136
1550,2015,587
1551,2015,2209
1,2014,5
2,2014,3
3,2014,23
4,2014,16
5,2014,14
6,2014,7
7,2014,7
8,2014,4
9,2014,13
10,2014,6
11,2014,9
12,2014,6
13,2014,29
14,2014,24
15,2014,16
16,2014,25
17,2014,5
18,2014,7
19,2014,8
20,2014,8
21,2014,8
22,2014,2
23,2014,23
24,2014,13
25,2014,12
26,2014,26
27,2014,11
28,2014,18
29,2014,1
30,2014,29
31,2014,7
32,2014,18
33,2014,1
34,2014,29
35,2014,5
36,2014,18
37,2014,8
38,2014,31
39,2014,4
40,2014,10
41,2014,8
42,2014,7
43,2014,9
44,2014,9
45,2014,2
46,2014,36
47,2014,6
48,2014,11
49,2014,2
52,2014,12
55,2014,9
56,2014,8
57,2014,54
58,2014,4
59,2014,15
60,2014,86
61,2014,18
62,2014,11
63,2014,17
64,2014,52
65,2014,88
66,2014,77
67,2014,55
68,2014,112
69,2014,63
70,2014,34
71,2014,48
72,2014,57
73,2014,74
74,2014,17
75,2014,24
76,2014,28
77,2014,73
78,2014,64
79,2014,85
80,2014,84
81,2014,31
82,2014,44
83,2014,51
84,2014,42
85,2014,26
86,2014,100
87,2014,42
88,2014,75
89,2014,23
90,2014,69
91,2014,39
92,2014,27
93,2014,72
94,2014,112
95,2014,52
96,2014,4
97,2014,224
98,2014,321
99,2014,17
100,2014,78
101,2014,128
102,2014,40
103,2014,18
104,2014,10
105,2014,50
106,2014,121
107,2014,123
108,2014,159
109,2014,14
110,2014,148
111,2014,253
112,2014,176
113,2014,23
114,2014,33
115,2014,18
116,2014,119
117,2014,77
118,2014,112
119,2014,413
120,2014,67
121,2014,43
122,2014,31
123,2014,8
124,2014,67
125,2014,137
126,2014,67
127,2014,22
128,2014,47
129,2014,316
130,2014,79
131,2014,102
132,2014,281
133,2014,65
134,2014,33
135,2014,32
136,2014,119
137,2014,60
138,2014,44
139,2014,51
140,2014,221
141,2014,61
142,2014,49
143,2014,20
144,2014,25
145,2014,24
146,2014,19
147,2014,28
148,2014,45
149,2014,13
150,2014,11
151,2014,20
152,2014,36
153,2014,73
154,2014,7
155,2014,37
156,2014,192
157,2014,9
158,2014,5
159,2014,9
160,2014,76
161,2014,63
162,2014,7
163,2014,6
164,2014,20
165,2014,14
166,2014,8
167,2014,13
168,2014,6
169,2014,6
170,2014,14
171,2014,16
172,2014,12
173,2014,12
174,2014,24
175,2014,4
176,2014,7
177,2014,62
178,2014,14
179,2014,27
180,2014,15
181,2014,9
182,2014,5
183,2014,12
184,2014,19
185,2014,10
186,2014,14
187,2014,7
188,2014,11
189,2014,15
190,2014,41
191,2014,8
192,2014,32
193,2014,32
194,2014,46
195,2014,52
196,2014,131
197,2014,14
198,2014,121
199,2014,98
200,2014,101
201,2014,148
202,2014,123
203,2014,519
204,2014,46
205,2014,53
206,2014,22
207,2014,180
208,2014,154
209,2014,215
210,2014,114
211,2014,74
212,2014,98
213,2014,106
214,2014,135
215,2014,175
216,2014,195
217,2014,140
218,2014,139
219,2014,184
220,2014,128
221,2014,211
222,2014,205
223,2014,89
224,2014,244
225,2014,231
226,2014,319
227,2014,170
228,2014,580
229,2014,187
230,2014,194
231,2014,62
232,2014,100
233,2014,210
234,2014,92
235,2014,152
236,2014,69
237,2014,146
238,2014,206
239,2014,245
240,2014,178
241,2014,133
242,2014,77
243,2014,71
244,2014,65
245,2014,139
246,2014,30
247,2014,127
248,2014,77
249,2014,265
250,2014,49
251,2014,77
252,2014,40
253,2014,137
254,2014,274
255,2014,178
256,2014,97
257,2014,247
258,2014,109
260,2014,25
261,2014,663
262,2014,183
263,2014,129
264,2014,272
265,2014,459
266,2014,26
267,2014,76
268,2014,48
269,2014,93
270,2014,73
271,2014,5
272,2014,126
273,2014,64
274,2014,210
275,2014,93
276,2014,107
277,2014,206
278,2014,775
279,2014,48
280,2014,108
281,2014,18
282,2014,316
283,2014,635
284,2014,247
285,2014,124
286,2014,48
287,2014,267
288,2014,58
289,2014,170
290,2014,710
291,2014,153
292,2014,18
293,2014,629
294,2014,62
295,2014,486
296,2014,944
297,2014,37
298,2014,17
299,2014,37
300,2014,68
301,2014,197
302,2014,179
303,2014,120
304,2014,35
305,2014,6
306,2014,10
307,2014,17
308,2014,26
309,2014,10
310,2014,64
311,2014,78
312,2014,7
313,2014,83
314,2014,1332
315,2014,803
316,2014,441
317,2014,1032
318,2014,39
319,2014,231
320,2014,37
321,2014,552
322,2014,100
323,2014,227
324,2014,1896
325,2014,1006
326,2014,155
327,2014,30
328,2014,282
329,2014,12
330,2014,73
331,2014,602
332,2014,5
333,2014,20
334,2014,30
335,2014,99
336,2014,58
337,2014,6
338,2014,69
339,2014,424
340,2014,5
341,2014,264
342,2014,286
343,2014,1340
344,2014,63
345,2014,220
346,2014,3
347,2014,221
348,2014,14
349,2014,187
350,2014,17
351,2014,51
352,2014,5
353,2014,6
354,2014,39
355,2014,130
356,2014,28
357,2014,9
358,2014,88
359,2014,19
360,2014,62
361,2014,10
362,2014,21
363,2014,34
364,2014,9
365,2014,56
366,2014,39
367,2014,8
368,2014,6
369,2014,96
370,2014,875
371,2014,11
372,2014,65
373,2014,21
374,2014,13
375,2014,327
376,2014,48
377,2014,1007
378,2014,249
379,2014,1190
380,2014,105
381,2014,122
382,2014,396
383,2014,172
384,2014,1957
385,2014,1155
386,2014,147
387,2014,34
388,2014,936
389,2014,512
390,2014,46
391,2014,39
392,2014,40
393,2014,100
394,2014,18
395,2014,35
396,2014,28
397,2014,881
398,2014,693
399,2014,60
400,2014,80
401,2014,167
402,2014,43
403,2014,81
404,2014,21
405,2014,238
406,2014,1162
407,2014,1592
408,2014,1085
409,2014,73
410,2014,1280
411,2014,430
412,2014,899
413,2014,29
414,2014,82
415,2014,43
416,2014,90
417,2014,246
418,2014,1664
419,2014,39
420,2014,487
421,2014,710
422,2014,217
423,2014,164
424,2014,70
425,2014,54
426,2014,629
427,2014,62
428,2014,486
429,2014,775
430,2014,179
431,2014,69
432,2014,424
433,2014,225
434,2014,1013
435,2014,120
436,2014,35
437,2014,6
438,2014,10
439,2014,17
440,2014,37
441,2014,26
442,2014,10
443,2014,6
444,2014,96
445,2014,64
446,2014,17
447,2014,37
448,2014,85
449,2014,287
450,2014,144
451,2014,883
452,2014,215
453,2014,420
454,2014,497
455,2014,247
456,2014,78
457,2014,124
458,2014,51
459,2014,284
460,2014,82
461,2014,7
462,2014,528
463,2014,669
464,2014,1332
465,2014,803
466,2014,267
467,2014,441
468,2014,58
469,2014,170
470,2014,1032
471,2014,39
472,2014,710
473,2014,231
474,2014,37
475,2014,552
476,2014,153
477,2014,18
478,2014,100
479,2014,130
480,2014,28
481,2014,9
482,2014,117
483,2014,88
484,2014,227
485,2014,19
486,2014,62
487,2014,10
488,2014,21
489,2014,286
490,2014,1174
491,2014,722
492,2014,1006
493,2014,89
494,2014,155
495,2014,1340
496,2014,63
497,2014,220
498,2014,30
499,2014,282
500,2014,12
501,2014,36
502,2014,3
503,2014,1
510,2014,1
515,2014,1
516,2014,1
518,2014,1
528,2014,1
535,2014,2
539,2014,1
540,2014,24
544,2014,6
546,2014,1
547,2014,7
550,2014,8
552,2014,2
553,2014,1
554,2014,1
558,2014,3
561,2014,1
566,2014,2
567,2014,7
568,2014,1
571,2014,2
572,2014,4
573,2014,2
578,2014,13
581,2014,12
585,2014,8
586,2014,9
587,2014,1
588,2014,1
590,2014,20
591,2014,2
594,2014,2
595,2014,3
597,2014,4
598,2014,1
602,2014,26
603,2014,11
604,2014,5
605,2014,1
606,2014,2
607,2014,3
608,2014,6
610,2014,1
611,2014,3
612,2014,3
613,2014,2
615,2014,2
616,2014,5
617,2014,5
619,2014,2
620,2014,1
621,2014,1
622,2014,2
623,2014,14
624,2014,2
625,2014,1
626,2014,2
627,2014,5
628,2014,2
629,2014,4
630,2014,4
631,2014,2
633,2014,7
634,2014,1
638,2014,1
639,2014,1
640,2014,2
642,2014,1
643,2014,2
645,2014,7
646,2014,30
650,2014,2
651,2014,6
653,2014,2
654,2014,10
655,2014,1
657,2014,1
659,2014,3
660,2014,2
664,2014,2
665,2014,1
666,2014,1
667,2014,3
670,2014,1
676,2014,5
677,2014,2
680,2014,3
681,2014,5
685,2014,2
690,2014,1
693,2014,1
694,2014,5
696,2014,2
714,2014,7
729,2014,2
733,2014,2
739,2014,1
740,2014,12
743,2014,3
744,2014,1
755,2014,2
760,2014,2
761,2014,2
763,2014,2
764,2014,2
774,2014,4
776,2014,2
778,2014,5
781,2014,1
793,2014,1
796,2014,1
802,2014,1
803,2014,1
804,2014,7
808,2014,3
809,2014,24
811,2014,12
821,2014,1
822,2014,1
824,2014,6
825,2014,2
826,2014,10
828,2014,10
829,2014,1
830,2014,4
832,2014,2
835,2014,1
839,2014,2
840,2014,1
845,2014,1
848,2014,3
853,2014,2
855,2014,2
863,2014,2
869,2014,1
872,2014,2
875,2014,5
878,2014,3
908,2014,1
909,2014,18
919,2014,1
971,2014,23
972,2014,3
992,2014,1
993,2014,1
995,2014,1
1000,2014,1
1002,2014,1
1003,2014,1
1004,2014,9
1012,2014,1
1016,2014,2
1037,2014,4
1041,2014,1
1043,2014,1
1046,2014,5
1049,2014,1
1057,2014,1
1069,2014,2
1078,2014,1
1081,2014,3
1095,2014,1
1104,2014,1
1109,2014,1
1117,2014,1
1124,2014,4
1126,2014,1
1136,2014,1
1145,2014,10
1146,2014,1
1149,2014,1
1155,2014,1
1167,2014,1
1168,2014,2
1170,2014,1
1171,2014,4
1174,2014,2
1197,2014,1
1198,2014,3
1201,2014,1
1202,2014,4
1203,2014,2
1205,2014,9
1207,2014,1
1209,2014,1
1211,2014,2
1213,2014,1
1214,2014,1
1216,2014,2
1220,2014,2
1225,2014,1
1256,2014,3
1263,2014,10
1273,2014,4
1274,2014,6
1282,2014,2
1330,2014,2
1335,2014,1
1349,2014,1
1357,2014,2
1371,2014,2
1372,2014,2
1376,2014,2
1397,2014,1
1414,2014,2
1420,2014,1
1432,2014,1
1433,2014,2
1435,2014,3
1437,2014,1
1440,2014,1
1443,2014,1
1444,2014,2
1448,2014,27
1449,2014,4
1466,2014,3
1467,2014,3
1468,2014,1
1470,2014,1
1475,2014,3
1480,2014,4
1481,2014,1
1486,2014,2
1488,2014,43
1498,2014,5
1502,2014,1
1503,2014,1
1504,2014,1
1505,2014,2
1506,2014,1
1507,2014,1
1508,2014,10
1513,2014,4
1517,2014,3
1519,2014,3
1521,2014,1
1522,2014,1
1523,2014,1
1524,2014,1
1526,2014,1
1527,2014,63
1528,2014,118
1530,2014,3
1531,2014,238
1532,2014,272
1533,2014,162
1534,2014,1992
1535,2014,2556
1536,2014,1648
1537,2014,2548
1539,2014,763
1540,2014,2223
1541,2014,188
1542,2014,105
1543,2014,756
1544,2014,596
1545,2014,545
1546,2014,1030
1547,2014,714
1548,2014,315
1549,2014,1200
1550,2014,600
1551,2014,2384
